,syntactic similarity,semantic similarity all words,semantic similarity without stopwords,semantic similarity nouns,semantic similarity verbs,average similairty,lcs length,syntactic similarity without tokens,common proper nouns,jaccard nouns,jaccard verbs,jaccard adjectives
0,0.44889726945431746,0.7048818469047546,0.7048818469047546,0.0,0.0,0.6101414695812847,0.0,0.46974831607486417,0.0,0.0,0.0,0.0
1,0.9354352384703664,0.9867201447486877,0.9853469133377075,0.9491214156150818,1.0,0.911247370262185,43.0,0.9574763511215086,3.0,0.5555555555555556,1.0,1.0
2,0.7446075826361965,0.8773548280199369,0.8731700455149015,0.635241091872255,0.7074063556889693,0.8088888140755491,8.041666666666666,0.8013590873337354,0.4166666666666667,0.20484359696107013,0.2019045701030995,0.1649021361192414
3,0.7522945776305254,0.9051220417022705,0.8999671936035156,0.796020120382309,0.7663862109184265,0.8367910974681922,6.5,0.8645528023088187,0.0,0.15833333333333333,0.11805555555555555,0.10818713450292397
4,0.656616115634051,0.7569829225540161,0.7522814273834229,0.0,0.0,0.7901054281147248,0.0,0.6477832267814791,0.0,0.0,0.0,0.0
5,0.8336637160046766,0.9480041861534119,0.9453322291374207,0.9574793577194214,0.8837386965751648,0.8102654096567325,3.0,0.8965593411934325,2.0,0.16666666666666666,0.13043478260869565,0.0
6,0.7281723469686286,0.8787466323375702,0.8731003674864769,0.6159450184553862,0.7228024369478225,0.8006363572275523,0.6,0.7977984913921684,0.16,0.01450953659979894,0.014677425473453333,0.0
7,0.7300534681741241,0.8826799392700195,0.8751255571842194,0.6481561064720154,0.7471260130405426,0.8011456107840241,0.0,0.8090602585101309,0.0,0.0,0.0,0.0
